id,app,os,category,category_original,action,action_original,keysDescription
176,macOS,macOS,基本的なショートカット,切り取り、コピー、貼り付け、その他の一般的なショートカット,選択した項目をカット,選択した項目を切り取り、クリップボードにコピーします。,command + X
177,macOS,macOS,基本的なショートカット,切り取り、コピー、貼り付け、その他の一般的なショートカット,選択した項目をコピー,選択した項目をクリップボードにコピーします。このショートカットは、Finder 内のファイルに対しても使えます。,command + C
178,macOS,macOS,基本的なショートカット,切り取り、コピー、貼り付け、その他の一般的なショートカット,ペースト,クリップボードの内容を現在の書類または App にペーストします。このショートカットは、Finder 内のファイルに対しても使えます。,command + V
179,macOS,macOS,基本的なショートカット,切り取り、コピー、貼り付け、その他の一般的なショートカット,直前のコマンドを取り消す,直前のコマンドを取り消します。その後で、「shift + command + Z」キーを押してやり直す (取り消しコマンドを取り消す) こともできます。一部の App では、複数のコマンドを取り消したり、やり直したりすることが可能です。,command + Z
180,macOS,macOS,基本的なショートカット,切り取り、コピー、貼り付け、その他の一般的なショートカット,直前の取り消しコマンドを取り消す,直前のコマンドを取り消します。その後で、「shift + command + Z」キーを押してやり直す (取り消しコマンドを取り消す) こともできます。一部の App では、複数のコマンドを取り消したり、やり直したりすることが可能です。,shift + command + Z
181,macOS,macOS,基本的なショートカット,切り取り、コピー、貼り付け、その他の一般的なショートカット,項目をすべて選択,項目をすべて選択します。,command + A
182,macOS,macOS,基本的なショートカット,切り取り、コピー、貼り付け、その他の一般的なショートカット,検索ウインドウを開く,書類内の項目を検索します。または、「検索」ウインドウを開きます。,command + F
183,macOS,macOS,基本的なショートカット,切り取り、コピー、貼り付け、その他の一般的なショートカット,次を検索：検索内容が次に出現する箇所に移動,次を検索：直前に検索した項目が次に出現する箇所を探します。前に出現した箇所を検索するには、「shift + command + G」キーを押します。,command + G
184,macOS,macOS,基本的なショートカット,切り取り、コピー、貼り付け、その他の一般的なショートカット,前を検索：検索内容が前に出現した箇所に移動,次を検索：直前に検索した項目が次に出現する箇所を探します。前に出現した箇所を検索するには、「shift + command + G」キーを押します。,shift + command + G
185,macOS,macOS,基本的なショートカット,切り取り、コピー、貼り付け、その他の一般的なショートカット,最前面の App のウインドウを非表示にする,最前面の App のウインドウを非表示にします。最前面の App を表示し、その他すべての App を隠すには、「option + command + H」キーを押します。,command + H
186,macOS,macOS,基本的なショートカット,切り取り、コピー、貼り付け、その他の一般的なショートカット,最前面の App 以外のウインドウを非表示にする,最前面の App のウインドウを非表示にします。最前面の App を表示し、その他すべての App を隠すには、「option + command + H」キーを押します。,option + command + H
187,macOS,macOS,基本的なショートカット,切り取り、コピー、貼り付け、その他の一般的なショートカット,最前面のウインドウを最小化して Dock にしまう,最前面のウインドウを最小化して Dock にしまいます。最前面の App のウインドウをすべて最小化するには、「option + command + M」キーを押します。,command + M
188,macOS,macOS,基本的なショートカット,切り取り、コピー、貼り付け、その他の一般的なショートカット,最前面の App のウインドウをすべて最小化,最前面のウインドウを最小化して Dock にしまいます。最前面の App のウインドウをすべて最小化するには、「option + command + M」キーを押します。,option + command + M
189,macOS,macOS,基本的なショートカット,切り取り、コピー、貼り付け、その他の一般的なショートカット,選択した項目を開く、またはファイル選択のダイアログを表示,選択した項目を開きます。または、開くファイルを選択するためのダイアログが開きます。,command + O
190,macOS,macOS,基本的なショートカット,切り取り、コピー、貼り付け、その他の一般的なショートカット,書類をプリントする,現在の書類をプリントします。,command + P
191,macOS,macOS,基本的なショートカット,切り取り、コピー、貼り付け、その他の一般的なショートカット,書類を保存,現在の書類を保存します。,command + S
192,macOS,macOS,基本的なショートカット,切り取り、コピー、貼り付け、その他の一般的なショートカット,新しいタブを開く,新しいタブを開きます。,command + T
193,macOS,macOS,基本的なショートカット,切り取り、コピー、貼り付け、その他の一般的なショートカット,最前面のウインドウを閉じる,最前面のウインドウを閉じます。その App のウインドウをすべて閉じるには、「option + command + W」キーを押します。,command + W
194,macOS,macOS,基本的なショートカット,切り取り、コピー、貼り付け、その他の一般的なショートカット,最前面の App のウインドウをすべて閉じる,最前面のウインドウを閉じます。その App のウインドウをすべて閉じるには、「option + command + W」キーを押します。,option + command + W
195,macOS,macOS,基本的なショートカット,切り取り、コピー、貼り付け、その他の一般的なショートカット,App を強制終了する,App を強制終了します。,option + command + esc
196,macOS,macOS,基本的なショートカット,切り取り、コピー、貼り付け、その他の一般的なショートカット,Spotlight 検索フィールドの表示／非表示を切り替える,Spotlight 検索フィールドの表示／非表示を切り替えます。Finder ウインドウから Spotlight 検索を実行するときは、「control + option + スペースバー」を押します (複数の入力ソースを使い分けてさまざまな言語で文字入力している場合は、これらのショートカットで、Spotlight が表示される代わりに入力ソースが切り替えられます。競合するキーボードショートカットの変更方法については、こちらを参照してください)。,command + スペースバー
197,macOS,macOS,基本的なショートカット,切り取り、コピー、貼り付け、その他の一般的なショートカット,絵文字や記号を選べる「文字ビューア」を表示,文字ビューアを表示します。文字ビューアから、絵文字やその他の記号を選択できます。,control + command + スペースバー
198,macOS,macOS,基本的なショートカット,切り取り、コピー、貼り付け、その他の一般的なショートカット,App をフルスクリーンで使う (App がフルスクリーンに対応している場合),App をフルスクリーンで使います (その App がフルスクリーンに対応している場合)。,control + command + F
199,macOS,macOS,基本的なショートカット,切り取り、コピー、貼り付け、その他の一般的なショートカット,選択した項目をクイックルックでプレビュー,クイックルックを使って、選択されている項目をプレビューします。,スペースバー
200,macOS,macOS,基本的なショートカット,切り取り、コピー、貼り付け、その他の一般的なショートカット,直前に使っていた App に切り替える,開いている App のうち、最近使った順番で次にあたる App に切り替えます。,command + tab
201,macOS,macOS,基本的なショートカット,切り取り、コピー、貼り付け、その他の一般的なショートカット,スクリーンショットを撮る、または画面収録を実行する,macOS Mojave 以降では、スクリーンショットを撮るか、画面収録を実行します。または、「shift + command + 3」または「shift + command + 4」を使ってスクリーンショットを撮ります。スクリーンショットについて詳しくは、こちらの記事を参照してください。,shift + command + 5
202,macOS,macOS,基本的なショートカット,切り取り、コピー、貼り付け、その他の一般的なショートカット,画面全体のスクリーンショットを撮る,macOS Mojave 以降では、スクリーンショットを撮るか、画面収録を実行します。または、「shift + command + 3」または「shift + command + 4」を使ってスクリーンショットを撮ります。スクリーンショットについて詳しくは、こちらの記事を参照してください。,shift + command + 3
203,macOS,macOS,基本的なショートカット,切り取り、コピー、貼り付け、その他の一般的なショートカット,画面の一部のスクリーンショットを撮る,macOS Mojave 以降では、スクリーンショットを撮るか、画面収録を実行します。または、「shift + command + 3」または「shift + command + 4」を使ってスクリーンショットを撮ります。スクリーンショットについて詳しくは、こちらの記事を参照してください。,shift + command + 4
204,macOS,macOS,基本的なショートカット,切り取り、コピー、貼り付け、その他の一般的なショートカット,Finder で新しいフォルダを作成,Finder で新しいフォルダを作成します。,shift + command + N
205,macOS,macOS,基本的なショートカット,切り取り、コピー、貼り付け、その他の一般的なショートカット,最前面の App の環境設定を開く,最前面の App の環境設定を開きます。,"command + カンマ (,)"
206,macOS,macOS,スリープ、ログアウト、システム終了に関するショートカット,スリープ、ログアウト、システム終了に関するショートカット,電源 ON またはスリープ解除。1.5 秒押すとスリープ。押し続けると強制的に電源OFF。,押すと Mac の電源が入ります。または、Mac のスリープが解除されます。1.5 秒間押したままにすると、Mac がスリープ状態になります*。そのまま押し続けると、Mac の電源を強制的に切ることができます。,電源ボタン
207,macOS,macOS,スリープ、ログアウト、システム終了に関するショートカット,スリープ、ログアウト、システム終了に関するショートカット,Mac をスリープ状態にする,Mac をスリープ状態にします。,option + command +（電源ボタンまたはメディア取り出しキー）
208,macOS,macOS,スリープ、ログアウト、システム終了に関するショートカット,スリープ、ログアウト、システム終了に関するショートカット,ディスプレイをスリープ状態にする,ディスプレイをスリープ状態にします。,control + shift +（電源ボタンまたはメディア取り出しキー）
209,macOS,macOS,スリープ、ログアウト、システム終了に関するショートカット,スリープ、ログアウト、システム終了に関するショートカット,再起動、スリープ、またはシステム終了を選択するダイアログを表示,ダイアログが表示され、再起動、スリープ、またはシステム終了のいずれかを選択できます。,control +（電源ボタンまたはメディア取り出しキー）
210,macOS,macOS,スリープ、ログアウト、システム終了に関するショートカット,スリープ、ログアウト、システム終了に関するショートカット,Mac を強制的に再起動（確認メッセージなし）,Mac を強制的に再起動します。開いている書類や未保存の書類を保存するかどうかを確認するメッセージは表示されません。,control + command + 電源ボタン
211,macOS,macOS,スリープ、ログアウト、システム終了に関するショートカット,スリープ、ログアウト、システム終了に関するショートカット,すべての App を終了し、Mac を再起動（確認メッセージあり）,すべての App を終了し、Mac を再起動します。開いている書類の変更内容が未保存の場合は、保存するかどうかを確認するメッセージが表示されます。,control + command + メディア取り出しキー
212,macOS,macOS,スリープ、ログアウト、システム終了に関するショートカット,スリープ、ログアウト、システム終了に関するショートカット,すべての App を終了し、Mac をシステム終了（確認メッセージあり）,すべての App を終了し、Mac をシステム終了します。開いている書類の変更内容が未保存の場合は、保存するかどうかを確認するメッセージが表示されます。,control + option + command +（電源ボタンまたはメディア取り出しキー）
213,macOS,macOS,スリープ、ログアウト、システム終了に関するショートカット,スリープ、ログアウト、システム終了に関するショートカット,すぐに画面をロック,すぐに画面をロックします。,control + command + Q
214,macOS,macOS,スリープ、ログアウト、システム終了に関するショートカット,スリープ、ログアウト、システム終了に関するショートカット,macOS ユーザアカウントからログアウト（確認メッセージあり）,macOS ユーザアカウントからログアウトします。確認を求めるメッセージが表示されます。確認を割愛してすぐにログアウトするには、「option + shift + command + Q」キーを押します。,shift + command + Q
215,macOS,macOS,スリープ、ログアウト、システム終了に関するショートカット,スリープ、ログアウト、システム終了に関するショートカット,macOS ユーザアカウントからログアウト（確認メッセージなし）,macOS ユーザアカウントからログアウトします。確認を求めるメッセージが表示されます。確認を割愛してすぐにログアウトするには、「option + shift + command + Q」キーを押します。,option + shift + command + Q
216,macOS,macOS,Finder のショートカット,Finder とシステムに関するショートカット,選択したファイルを複製,選択したファイルを複製します。,command + D
217,macOS,macOS,Finder のショートカット,Finder とシステムに関するショートカット,選択したディスクまたはボリュームを取り出す,選択したディスクまたはボリュームを取り出します。,command + E
218,macOS,macOS,Finder のショートカット,Finder とシステムに関するショートカット,Finder で Spotlight 検索を開始,Finder ウインドウで Spotlight 検索を開始します。,command + F
219,macOS,macOS,Finder のショートカット,Finder とシステムに関するショートカット,選択したファイルの「情報を見る」ウインドウを表示,選択したファイルの「情報を見る」ウインドウを表示します。,command + I
220,macOS,macOS,Finder のショートカット,Finder とシステムに関するショートカット,選択されているエイリアスの作成元のファイルを表示,Finder でエイリアスが選択されている場合は、選択されているエイリアスの作成元のファイルを表示します。,command + R
221,macOS,macOS,Finder のショートカット,Finder とシステムに関するショートカット,「コンピュータ」ウインドウを開く,「コンピュータ」ウインドウを開きます。,shift + command + C
222,macOS,macOS,Finder のショートカット,Finder とシステムに関するショートカット,「デスクトップ」フォルダを開く,「デスクトップ」フォルダを開きます。,shift + command + D
223,macOS,macOS,Finder のショートカット,Finder とシステムに関するショートカット,「最近使った項目」ウインドウを開く,「最近使った項目」ウインドウを開きます。最近表示または変更したファイルがすべて表示されます。,shift + command + F
224,macOS,macOS,Finder のショートカット,Finder とシステムに関するショートカット,「フォルダへ移動」ウインドウを開く,「フォルダへ移動」ウインドウを開きます。,shift + command + G
225,macOS,macOS,Finder のショートカット,Finder とシステムに関するショートカット,現在の macOS ユーザアカウントのホームフォルダを開く,現在の macOS ユーザアカウントのホームフォルダを開きます。,shift + command + H
226,macOS,macOS,Finder のショートカット,Finder とシステムに関するショートカット,iCloud Drive を開く,iCloud Drive を開きます。,shift + command + I
227,macOS,macOS,Finder のショートカット,Finder とシステムに関するショートカット,「ネットワーク」ウインドウを開く,「ネットワーク」ウインドウを開きます。,shift + command + K
228,macOS,macOS,Finder のショートカット,Finder とシステムに関するショートカット,「ダウンロード」フォルダを開く,「ダウンロード」フォルダを開きます。,option + command + L
229,macOS,macOS,Finder のショートカット,Finder とシステムに関するショートカット,新しいフォルダを作成,新しいフォルダを作成します。,shift + command + N
230,macOS,macOS,Finder のショートカット,Finder とシステムに関するショートカット,「書類」フォルダを開く,「書類」フォルダを開きます。,shift + command + O
231,macOS,macOS,Finder のショートカット,Finder とシステムに関するショートカット,プレビューパネルの表示／非表示を切り替える,Finder ウインドウのプレビューパネルの表示／非表示を切り替えます。,shift + command + P
232,macOS,macOS,Finder のショートカット,Finder とシステムに関するショートカット,「AirDrop」ウインドウを開く,「AirDrop」ウインドウを開きます。,shift + command + R
233,macOS,macOS,Finder のショートカット,Finder とシステムに関するショートカット,タブバーの表示／非表示を切り替える,Finder ウインドウのタブバーの表示／非表示を切り替えます。,shift + command + T
234,macOS,macOS,Finder のショートカット,Finder とシステムに関するショートカット,選択した項目を Dock に追加,Finder で選択した項目を Dock に追加します (OS X Mavericks 以降)。,control + shift + command + T
235,macOS,macOS,Finder のショートカット,Finder とシステムに関するショートカット,「ユーティリティ」フォルダを開く,「ユーティリティ」フォルダを開きます。,shift + command + U
236,macOS,macOS,Finder のショートカット,Finder とシステムに関するショートカット,Dock の表示／非表示を切り替える,Dock の表示／非表示を切り替えます。,option + command + D
237,macOS,macOS,Finder のショートカット,Finder とシステムに関するショートカット,選択した項目をサイドバーに追加,選択した項目をサイドバーに追加します (OS X Mavericks 以降)。,control + command + T
238,macOS,macOS,Finder のショートカット,Finder とシステムに関するショートカット,パスバーの表示／非表示を切り替える,Finder ウインドウのパスバーの表示／非表示を切り替えます。,option + command + P
239,macOS,macOS,Finder のショートカット,Finder とシステムに関するショートカット,サイドバーの非表示／表示を切り替える,Finder ウインドウのサイドバーの非表示／表示を切り替えます。,option + command + S
240,macOS,macOS,Finder のショートカット,Finder とシステムに関するショートカット,ステータスバーの非表示／表示を切り替える,Finder ウインドウのステータスバーの非表示／表示を切り替えます。,command + スラッシュ (/)
241,macOS,macOS,Finder のショートカット,Finder とシステムに関するショートカット,表示オプションを表示,表示オプションを表示します。,command + J
242,macOS,macOS,Finder のショートカット,Finder とシステムに関するショートカット,「サーバへ接続」ウインドウを開く,「サーバへ接続」ウインドウを開きます。,command + K
243,macOS,macOS,Finder のショートカット,Finder とシステムに関するショートカット,選択した項目のエイリアスを作成,選択した項目のエイリアスを作成します。,control + command + A
244,macOS,macOS,Finder のショートカット,Finder とシステムに関するショートカット,新しいウインドウを開く,Finder の新しいウインドウを開きます。,command + N
245,macOS,macOS,Finder のショートカット,Finder とシステムに関するショートカット,新しいスマートフォルダを作成,新しいスマートフォルダを作成します。,option + command + N
246,macOS,macOS,Finder のショートカット,Finder とシステムに関するショートカット,新しいタブを開く,現在の Finder ウインドウでタブが 1 つ開いているときに、タブバーの表示／非表示を切り替えます。,command + T
247,macOS,macOS,Finder のショートカット,Finder とシステムに関するショートカット,ウインドウでタブが 1 つ開いているときに、ツールバーの表示／非表示を切り替える,現在の Finder ウインドウでタブが 1 つ開いているときに、ツールバーの表示／非表示を切り替えます。,option + command + T
248,macOS,macOS,Finder のショートカット,Finder とシステムに関するショートカット,クリップボードに配置したファイルを、元の場所から現在の場所に移動,クリップボードに配置したファイルを、元の場所から現在の場所に移動します。,option + command + V
249,macOS,macOS,Finder のショートカット,Finder とシステムに関するショートカット,クイックルックを使って、選択したファイルをプレビュー,クイックルックを使って、選択したファイルをプレビューします。,command + Y
250,macOS,macOS,Finder のショートカット,Finder とシステムに関するショートカット,選択したファイルのクイックルックスライドショーを表示,選択したファイルのクイックルックスライドショーを表示します。,option + command + Y
251,macOS,macOS,Finder のショートカット,Finder とシステムに関するショートカット,項目をアイコン形式で表示,Finder ウインドウの項目をアイコン形式で表示します。,command + 1
252,macOS,macOS,Finder のショートカット,Finder とシステムに関するショートカット,項目をリスト形式で表示,Finder ウインドウの項目をリスト形式で表示します。,command + 2
253,macOS,macOS,Finder のショートカット,Finder とシステムに関するショートカット,項目をカラム形式で表示,Finder ウインドウの項目をカラム形式で表示します。,command + 3
254,macOS,macOS,Finder のショートカット,Finder とシステムに関するショートカット,項目をギャラリー表示にする,Finder ウインドウの項目をギャラリー表示にします。,command + 4
255,macOS,macOS,Finder のショートカット,Finder とシステムに関するショートカット,前のフォルダに移動,前のフォルダに移動します。,command + 左角かっこ ([)
256,macOS,macOS,Finder のショートカット,Finder とシステムに関するショートカット,次のフォルダに移動,次のフォルダに移動します。,command + 右角かっこ (])
257,macOS,macOS,Finder のショートカット,Finder とシステムに関するショートカット,現在のフォルダを内包するフォルダを開く,現在のフォルダを内包するフォルダを開きます。,command + 上矢印
258,macOS,macOS,Finder のショートカット,Finder とシステムに関するショートカット,現在のフォルダを内包するフォルダを新規ウインドウで開く,現在のフォルダを内包するフォルダを新規ウインドウで開きます。,command + control + 上矢印
259,macOS,macOS,Finder のショートカット,Finder とシステムに関するショートカット,選択した項目を開く,選択した項目を開きます。,command + 下矢印
260,macOS,macOS,Finder のショートカット,Finder とシステムに関するショートカット,選択したフォルダを開く（リスト表示でのみ機能する）,選択したフォルダを開きます。このショートカットは、リスト表示でのみ機能します。,右矢印
261,macOS,macOS,Finder のショートカット,Finder とシステムに関するショートカット,選択したフォルダを閉じる（リスト表示でのみ機能する）,選択したフォルダを閉じます。このショートカットは、リスト表示でのみ機能します。,左矢印
262,macOS,macOS,Finder のショートカット,Finder とシステムに関するショートカット,選択した項目をゴミ箱に移動,選択した項目をゴミ箱に移動します。,command + delete
263,macOS,macOS,Finder のショートカット,Finder とシステムに関するショートカット,ゴミ箱を空にする,ゴミ箱を空にします。,shift + command + delete
264,macOS,macOS,Finder のショートカット,Finder とシステムに関するショートカット,確認ダイアログを表示せずにゴミ箱を空にする,確認ダイアログを表示せずにゴミ箱を空にします。,option + shift + command + delete
265,macOS,macOS,システム環境設定のショートカット,Finder とシステムに関するショートカット,Mac が複数ディスプレイに接続している場合、ビデオミラーリングのオン／オフを切り替える,Mac が複数のディスプレイに接続されている場合に、ビデオミラーリングのオン／オフを切り替えます。,command + 輝度を下げる
266,macOS,macOS,システム環境設定のショートカット,Finder とシステムに関するショートカット,システム環境設定の「ディスプレイ」パネルを開く,システム環境設定の「ディスプレイ」パネルを開きます。このショートカットは、どちらの輝度キーでも機能します。,option +（輝度を上げるまたは輝度を下げる）
267,macOS,macOS,システム環境設定のショートカット,Finder とシステムに関するショートカット,外付けディスプレイの明るさを調節 (ディスプレイが対応している場合),外付けディスプレイの明るさを調節します (ディスプレイが対応している場合),control +（輝度を上げるまたは輝度を下げる）
268,macOS,macOS,システム環境設定のショートカット,Finder とシステムに関するショートカット,ディスプレイの明るさを細かく調節,ディスプレイの明るさを細かく調節する。このショートカットに「control」キーを加えると、外付けディスプレイで調節できます (ディスプレイが対応している場合)。,option + shift +（輝度を上げるまたは輝度を下げる）
269,macOS,macOS,システム環境設定のショートカット,Finder とシステムに関するショートカット,外付けディスプレイの明るさを細かく調節 (ディスプレイが対応している場合),ディスプレイの明るさを細かく調節する。このショートカットに「control」キーを加えると、外付けディスプレイで調節できます (ディスプレイが対応している場合)。,control + option + shift +（輝度を上げるまたは輝度を下げる）
270,macOS,macOS,システム環境設定のショートカット,Finder とシステムに関するショートカット,システム環境設定の「Mission Control」パネルを開く,システム環境設定の「Mission Control」パネルを開きます。,option + Mission Control
271,macOS,macOS,システム環境設定のショートカット,Finder とシステムに関するショートカット,デスクトップを表示,デスクトップを表示します。,command + Mission Control
272,macOS,macOS,システム環境設定のショートカット,Finder とシステムに関するショートカット,最前面の App のウインドウをすべて表示,最前面の App のウインドウをすべて表示します。,control + 下矢印
273,macOS,macOS,システム環境設定のショートカット,Finder とシステムに関するショートカット,システム環境設定の「サウンド」パネルを開く,システム環境設定の「サウンド」パネルを開きます。このショートカットは、どの音量キーでも機能します。,option +（音量を上げるまたは音量を下げる）
274,macOS,macOS,システム環境設定のショートカット,Finder とシステムに関するショートカット,音量を細かく調節,音量を細かく調節します。,option + shift +（音量を上げるまたは音量を下げる）
275,macOS,macOS,システム環境設定のショートカット,Finder とシステムに関するショートカット,システム環境設定の「キーボード」パネルを開く,システム環境設定の「キーボード」パネルを開きます。このショートカットは、どちらのキーボードの明るさ調節キーでも機能します。,option +（キーボードの明るさを上げるまたはキーボードの明るさを下げる）
276,macOS,macOS,システム環境設定のショートカット,Finder とシステムに関するショートカット,キーボードの明るさを細かく調節,キーボードの明るさを細かく調節します。,option + shift +（キーボードの明るさを上げるまたはキーボードの明るさを下げる）
277,macOS,macOS,Finder のショートカット,Finder とシステムに関するショートカット,項目を別のウインドウで開き、元のウインドウを閉じる,項目を別のウインドウで開き、元のウインドウを閉じます。,option + ダブルクリック
278,macOS,macOS,Finder のショートカット,Finder とシステムに関するショートカット,フォルダを別のタブまたはウインドウで開く,フォルダを別のタブまたはウインドウで開きます。,command + ダブルクリック
279,macOS,macOS,Finder のショートカット,Finder とシステムに関するショートカット,ドラッグした項目をコピーするのではなく、その別ボリュームに移動する,ドラッグした項目をコピーするのではなく、その別ボリュームに移動します。,command + 別のボリュームにドラッグ
280,macOS,macOS,Finder のショートカット,Finder とシステムに関するショートカット,ドラッグした項目をコピー（ドラッグ中はポインタが変化）,ドラッグした項目をコピーします。項目のドラッグ中は、ポインタが変化します。,option + ドラッグ
281,macOS,macOS,Finder のショートカット,Finder とシステムに関するショートカット,ドラッグした項目のエイリアスを作成（ドラッグ中はポインタが変化）,ドラッグした項目のエイリアスを作成します。項目のドラッグ中は、ポインタが変化します。,option + command を押しながらドラッグ
282,macOS,macOS,Finder のショートカット,Finder とシステムに関するショートカット,選択したフォルダ内のすべてのフォルダを開く（リスト表示でのみ機能する）,選択したフォルダ内のすべてのフォルダを開きます。このショートカットは、リスト表示でのみ機能します。,option + 詳細表示三角形をクリック
283,macOS,macOS,Finder のショートカット,Finder とシステムに関するショートカット,現在のフォルダを内包するフォルダを表示,現在のフォルダを内包するフォルダを表示します。,command + ウインドウのタイトルをクリック
284,macOS,macOS,書類に関するショートカット,書類に関するショートカット,太字にする、または太字属性のオン／オフを切り替える,選択したテキストを太字にします。または、太字属性のオン／オフを切り替えます。,command + B
285,macOS,macOS,書類に関するショートカット,書類に関するショートカット,テキストを斜体にする、または斜体属性のオン／オフを切り替える,選択したテキストを斜体にします。または、斜体属性のオン／オフを切り替えます。,command + I
286,macOS,macOS,書類に関するショートカット,書類に関するショートカット,Web リンクを追加,Web リンクを追加します。,command + K
287,macOS,macOS,書類に関するショートカット,書類に関するショートカット,テキストに下線を引く、または下線属性のオン／オフを切り替える,選択したテキストに下線を引きます。または、下線属性のオン／オフを切り替えます。,command + U
288,macOS,macOS,書類に関するショートカット,書類に関するショートカット,「フォント」ウインドウの表示／非表示を切り替える,「フォント」ウインドウの表示／非表示を切り替えます。,command + T
289,macOS,macOS,書類に関するショートカット,書類に関するショートカット,「開く」または「保存」のダイアログ内で、「デスクトップ」フォルダを選択,「開く」ダイアログまたは「保存」ダイアログ内で、「デスクトップ」フォルダを選択します。,command + D
290,macOS,macOS,書類に関するショートカット,書類に関するショートカット,選択した単語の定義の表示／非表示を切り替える,選択した単語の定義の表示／非表示を切り替えます。,control + command + D
291,macOS,macOS,書類に関するショートカット,書類に関するショートカット,「スペルと文法」ウインドウを表示,「スペルと文法」ウインドウを表示します。,shift + command + コロン (:)
292,macOS,macOS,書類に関するショートカット,書類に関するショートカット,書類内でスペルに誤りのある単語を検索,書類内でスペルに誤りのある単語を検索します。,command + セミコロン (;)
293,macOS,macOS,テキスト操作のショートカット,書類に関するショートカット,挿入ポイントの左側にある単語を削除,挿入ポイントの左側にある単語を削除します。,option + delete
294,macOS,macOS,テキスト操作のショートカット,書類に関するショートカット,挿入ポイントの左側にある文字を削除,挿入ポイントの左側にある文字を削除します。または、「delete」キーをお使いください。,control + H または delete
295,macOS,macOS,テキスト操作のショートカット,書類に関するショートカット,挿入ポイントの右側にある文字を削除,挿入ポイントの右側にある文字を削除します。または、「fn + delete」キーをお使いください。,control + D または「fn + delete」キー
296,macOS,macOS,テキスト操作のショートカット,書類に関するショートカット,挿入ポイントから、行または段落の末尾までの範囲にあるテキストを削除,挿入ポイントから、行または段落の末尾までの範囲にあるテキストを削除します。,control + K
297,macOS,macOS,書類に関するショートカット,書類に関するショートカット,page up：1 ページ分上にスクロール,page up：1 ページ分上にスクロールします。,fn + 上矢印 または page up
298,macOS,macOS,書類に関するショートカット,書類に関するショートカット,page down：1 ページ分下にスクロール,page down：1 ページ分下にスクロールします。,fn + 下矢印 または page down
299,macOS,macOS,書類に関するショートカット,書類に関するショートカット,home：書類の先頭までスクロール,home：書類の先頭までスクロールします。,fn + 左矢印 または home
300,macOS,macOS,書類に関するショートカット,書類に関するショートカット,end：書類の末尾までスクロール,end：書類の末尾までスクロールします。,fn + 右矢印 または end
301,macOS,macOS,テキスト操作のショートカット,書類に関するショートカット,挿入ポイントを書類の先頭に移動,挿入ポイントを書類の先頭に移動します。,command + 上矢印
302,macOS,macOS,テキスト操作のショートカット,書類に関するショートカット,挿入ポイントを書類の末尾に移動,挿入ポイントを書類の末尾に移動します。,command + 下矢印
303,macOS,macOS,テキスト操作のショートカット,書類に関するショートカット,挿入ポイントを行の先頭に移動,挿入ポイントを現在の行の先頭に移動します。,command + 左矢印
304,macOS,macOS,テキスト操作のショートカット,書類に関するショートカット,挿入ポイントを行の末尾に移動,挿入ポイントを現在の行の末尾に移動します。,command + 右矢印
305,macOS,macOS,テキスト操作のショートカット,書類に関するショートカット,挿入ポイントを前の単語の先頭に移動,挿入ポイントを前の単語の先頭に移動します。,option + 左矢印
306,macOS,macOS,テキスト操作のショートカット,書類に関するショートカット,挿入ポイントを次の単語の末尾に移動,挿入ポイントを次の単語の末尾に移動します。,option + 右矢印
307,macOS,macOS,テキスト操作のショートカット,書類に関するショートカット,挿入ポイントから書類の先頭まで選択,挿入ポイントから、書類の先頭までの範囲のテキストを選択します。,shift + command + 上矢印
308,macOS,macOS,テキスト操作のショートカット,書類に関するショートカット,挿入ポイントから書類の末尾まで選択,挿入ポイントから、書類の末尾までの範囲のテキストを選択します。,shift + command + 下矢印
309,macOS,macOS,テキスト操作のショートカット,書類に関するショートカット,挿入ポイントから行の先頭まで選択,挿入ポイントから、現在の行の先頭までの範囲のテキストを選択します。,shift + command + 左矢印
310,macOS,macOS,テキスト操作のショートカット,書類に関するショートカット,挿入ポイントから行の末尾まで選択,挿入ポイントから、現在の行の末尾までの範囲のテキストを選択します。,shift + command + 右矢印
311,macOS,macOS,テキスト操作のショートカット,書類に関するショートカット,選択範囲を1 つ上の行まで拡張,選択したテキスト範囲を、1 つ上の行の、水平位置が最も近い文字まで拡張します。,shift + 上矢印
312,macOS,macOS,テキスト操作のショートカット,書類に関するショートカット,選択範囲を1 つ下の行まで拡張,選択したテキスト範囲を、1 つ下の行の、水平位置が最も近い文字まで拡張します。,shift + 下矢印
313,macOS,macOS,テキスト操作のショートカット,書類に関するショートカット,選択範囲を 1 文字分左に拡張,選択したテキスト範囲を 1 文字分左に拡張します。,shift + 左矢印
314,macOS,macOS,テキスト操作のショートカット,書類に関するショートカット,選択範囲を 1 文字分右に拡張,選択したテキスト範囲を 1 文字分右に拡張します。,shift + 右矢印
315,macOS,macOS,テキスト操作のショートカット,書類に関するショートカット,選択範囲を段落の先頭まで拡張,選択したテキスト範囲を、現在の段落の先頭まで拡張します。もう一度押すと、その次の段落の先頭まで拡張します。,option + shift + 上矢印
316,macOS,macOS,テキスト操作のショートカット,書類に関するショートカット,選択範囲を段落の末尾まで拡張,選択したテキスト範囲を、現在の段落の末尾まで拡張します。もう一度押すと、その次の段落の末尾まで拡張します。,option + shift + 下矢印
317,macOS,macOS,テキスト操作のショートカット,書類に関するショートカット,選択範囲を単語の先頭まで拡張,選択したテキスト範囲を、現在の単語の先頭まで拡張します。もう一度押すと、その次の単語の先頭まで拡張します。,option + shift + 左矢印
318,macOS,macOS,テキスト操作のショートカット,書類に関するショートカット,選択範囲を単語の末尾まで拡張,選択したテキスト範囲を、現在の単語の末尾まで拡張します。もう一度押すと、その次の単語の末尾まで拡張します。,option + shift + 右矢印
319,macOS,macOS,テキスト操作のショートカット,書類に関するショートカット,行または段落の先頭に移動,行または段落の先頭に移動します。,control + A
320,macOS,macOS,テキスト操作のショートカット,書類に関するショートカット,行または段落の末尾に移動,行または段落の末尾に移動します。,control + E
321,macOS,macOS,テキスト操作のショートカット,書類に関するショートカット,1 文字分進む,1 文字分進みます。,control + F
322,macOS,macOS,テキスト操作のショートカット,書類に関するショートカット,1 文字分戻る,1 文字分戻ります。,control + B
323,macOS,macOS,テキスト操作のショートカット,書類に関するショートカット,カーソルまたは選択範囲を表示領域の中央に表示,カーソルまたは選択範囲を表示領域の中央に表示します。,control + L
324,macOS,macOS,テキスト操作のショートカット,書類に関するショートカット,1 行上に移動,1 行上に移動します。,control + P
325,macOS,macOS,テキスト操作のショートカット,書類に関するショートカット,1 行下に移動,1 行下に移動します。,control + N
326,macOS,macOS,テキスト操作のショートカット,書類に関するショートカット,挿入ポイントの後に 1 行挿入,挿入ポイントの後に 1 行挿入します。,control + O
327,macOS,macOS,テキスト操作のショートカット,書類に関するショートカット,挿入ポイントの右側の文字と左側の文字を置換,挿入ポイントの右側の文字と左側の文字を置換します。,control + T
328,macOS,macOS,書類に関するショートカット,書類に関するショートカット,左揃えにする,左揃えにします。,command + { (左中かっこ)
329,macOS,macOS,書類に関するショートカット,書類に関するショートカット,右揃えにする,右揃えにします。,command + } (右中かっこ)
330,macOS,macOS,書類に関するショートカット,書類に関するショートカット,中央揃えにする,中央揃えにします。,shift + command + 縦棒 (|)
331,macOS,macOS,書類に関するショートカット,書類に関するショートカット,検索フィールドに移動,検索フィールドに移動します。,option + command + F
332,macOS,macOS,書類に関するショートカット,書類に関するショートカット,App のツールバーの表示／非表示を切り替える,App のツールバーの表示／非表示を切り替えます。,option + command + T
333,macOS,macOS,書類に関するショートカット,書類に関するショートカット,スタイルをコピー：書式設定をクリップボードにコピー,スタイルをコピー：選択した項目の書式設定をクリップボードにコピーします。,option + command + C
334,macOS,macOS,書類に関するショートカット,書類に関するショートカット,スタイルをペースト：コピーしたスタイルを適用,スタイルをペースト：コピーしたスタイルを、選択した項目に適用します。,option + command + V
335,macOS,macOS,書類に関するショートカット,書類に関するショートカット,ペーストしてスタイルを合わせる：周りのコンテンツと同じスタイルを適用,ペーストしてスタイルを合わせる：コンテンツの中に貼り付けた項目に、その周りのコンテンツと同じスタイルを適用します。,option + shift + command + V
336,macOS,macOS,書類に関するショートカット,書類に関するショートカット,「インスペクタ」ウインドウの表示／非表示を切り替える,「インスペクタ」ウインドウの表示／非表示を切り替えます。,option + command + I
337,macOS,macOS,書類に関するショートカット,書類に関するショートカット,ページ設定：書類設定を選択するウインドウを表示,ページ設定：書類設定を選択するためのウインドウを表示します。,shift + command + P
338,macOS,macOS,書類に関するショートカット,書類に関するショートカット,「別名で保存」ダイアログを表示、または書類を複製,「別名で保存」ダイアログを表示します。または、現在の書類を複製します。,shift + command + S
339,macOS,macOS,書類に関するショートカット,書類に関するショートカット,選択した項目のサイズを縮小,選択した項目のサイズを縮小します。,shift + command + マイナス記号 (-)
340,macOS,macOS,書類に関するショートカット,書類に関するショートカット,選択した項目のサイズを拡大,選択した項目のサイズを拡大します。「command + 等号 (=)」キーも同じ機能を果たします。,shift + command + プラス記号 (+) または「command + 等号 (=)」キー
341,macOS,macOS,書類に関するショートカット,書類に関するショートカット,「ヘルプ」メニューを開く,「ヘルプ」メニューを開きます。,shift + command + 疑問符 (?)
